date,price,total_volume,market_cap
2021-01-01,0.36615307534318475,104906.51171763736,17722168.40893013
2021-01-02,0.35920938355292975,156901.15679920375,17396013.185743336
2021-01-03,0.3709922226357099,187488.86241517347,17878664.161746725
2021-01-04,0.42652008628096955,297164.0290620809,21130506.12500623
2021-01-05,0.41901202823431616,282557.6615746068,20220078.20520924
2021-01-06,0.4527197495855847,354894.4090881468,21815790.409896404
2021-01-07,0.4997662670937171,437019.41282097396,23886725.677236803
2021-01-08,0.5025062699832747,337458.4008052718,24490791.473273613
2021-01-09,0.4938806409738622,283594.91706288315,23911386.61277882
2021-01-10,0.498973016247955,297409.69159022503,24150783.97790298
2021-01-11,0.42657376130714986,244029.1747132269,20771958.276676673
2021-01-12,0.3764930138560742,168403.17288341693,18175434.25419548
2021-01-13,0.3780468153304674,331065.6489138136,18194625.60211854
2021-01-14,0.528195526933023,816202.7678387512,25769522.591192868
2021-01-15,0.5599016019006731,361092.0669567255,26945500.087324727
2021-01-16,0.5346530375398983,386782.2347663211,25855570.038814474
2021-01-17,0.4778800386508478,274564.2512396953,23099259.808870297
2021-01-18,0.5005220128732369,336244.99437373126,24261788.723704163
2021-01-19,0.5818548129090169,369087.4261341403,28156243.922432303
2021-01-20,0.5666911078393024,498746.9116293619,27144292.311944414
2021-01-21,0.6291901344513208,538626.8581742648,30151852.741460487
2021-01-22,0.5393083325263194,305631.79393558315,26266258.576748084
2021-01-23,0.5862335933368686,320069.68304584577,28223799.401975673
2021-01-24,0.5868555442168244,318843.87894398184,28422580.26779747
2021-01-25,0.6713142834286226,382590.73748411867,32454873.95045993
2021-01-26,0.6985688086024459,568782.6496722556,33920213.994965725
2021-01-27,1.135063463364621,4529749.405837609,56462798.62001767
2021-01-28,1.0246031221094558,2386063.8307596813,49697417.18979686
2021-01-29,1.016211707639169,901285.1564638225,50254132.120521866
2021-01-30,0.9841582579176449,827768.3317208308,47675359.807325065
2021-01-31,0.9677521197366796,646012.8144484867,46889729.813127354
2021-02-01,0.9945993995328893,646542.8247868465,48311930.662925005
2021-02-02,0.7974199229377587,1345283.0374148276,38748137.4686889
2021-02-03,0.7353006104831935,628071.0675879725,35633175.23859035
2021-02-04,0.836923996818928,798197.6494533379,40271998.478527784
2021-02-05,0.6986691751938998,589347.9957626754,34187999.872365125
2021-02-06,0.7340974181566187,500823.88209130685,35517996.83704925
2021-02-07,0.6981330677824946,513110.0775582171,33759527.053400345
2021-02-08,0.6817060925261194,476345.2324082681,32885255.283946335
2021-02-09,0.7364161775645491,980151.2748309955,36989397.133916244
2021-02-10,0.8265342472046091,859707.0525501295,40210871.44210707
2021-02-11,0.774115692861488,729808.2696597311,37576351.209922336
2021-02-12,0.8686376797257732,950141.3138286072,42179166.448817894
2021-02-13,0.8491998248419964,925210.8205449644,41038864.245245196
2021-02-14,0.7566443613478746,1314868.0491342086,36420616.274443924
2021-02-15,0.7484255354005078,523407.20428595,36280637.02533212
2021-02-16,0.6606152425424029,877619.5237200172,32067150.32690952
2021-02-17,0.6496957359691359,600151.9055720584,31476288.864419557
2021-02-18,0.632844086762983,1075395.4122626032,30615792.935241796
2021-02-19,0.6905934234726518,969161.2051047579,34455058.99397533
2021-02-20,0.6253339378854821,873523.3439495037,30146542.121159155
2021-02-21,0.6025115464104341,635994.2705515759,28998771.6963474
2021-02-22,0.6257028791116181,591374.2896778836,30288384.312008154
2021-02-23,0.5511272981187118,417942.1153491485,26579452.02356178
2021-02-24,0.5327898041462613,498563.8251399101,25726337.95808858
2021-02-25,0.598485266448599,454834.68631680845,28840912.026782762
2021-02-26,0.5453590340930792,412903.97038748866,26513532.3849852
2021-02-27,0.5414177730531468,367203.089409276,26226047.195947565
2021-02-28,0.5787920798977491,159906.53390852918,27927622.879356034
2021-03-01,0.5000143881726923,330180.17288778955,24369372.860504
2021-03-02,0.6794132640079381,645320.9561057431,32882952.025366817
2021-03-03,0.6024028439183033,392825.7123943108,29157609.957077205
2021-03-04,0.5984770221708466,1641386.071825161,29016587.306722827
2021-03-05,0.5787271280230311,636649.1033517598,28004872.14262931
2021-03-06,0.56567870097877,589584.5696953435,26888312.30518733
2021-03-07,0.6317612000857986,361278.5224232864,30577862.473651137
2021-03-08,0.6587583171114404,535758.6312761094,31859941.025458273
2021-03-09,0.6130920387669035,531123.939354415,29610250.1587777
2021-03-10,0.6990439532026923,1110752.9088487346,33834413.79617235
2021-03-11,0.6293307618816573,402921.248892537,30518231.710697323
2021-03-12,0.6136109537897573,476439.7080458776,29744838.010205273
2021-03-13,0.6769374490471375,1134880.5030477718,31899475.353192598
2021-03-14,0.7649669603807371,770964.6109596804,37040620.57896647
2021-03-15,0.7763639267801776,642192.5377223428,37681933.34555237
2021-03-16,0.7567188005421255,769033.258162589,36706723.109534636
2021-03-17,0.7803541631877103,898474.9347006207,37708328.78222417
2021-03-18,0.886646166408344,709641.5581005022,42467775.92483812
2021-03-19,0.7863026328984964,511485.9934152167,38082412.462149136
2021-03-20,0.8467749657493095,733565.5190426583,40626636.519806206
2021-03-21,0.8517975262352213,653622.3047695754,41487786.65353915
2021-03-22,0.8927545471891244,1012963.533128996,43217349.57184871
2021-03-23,0.938659984909355,531262.3770823815,45433838.44438395
2021-03-24,0.9016377019530994,750682.6624003467,43621442.500801176
2021-03-25,0.7733273550573946,911539.0878263369,37429803.39224056
2021-03-26,0.913686730951123,1117866.31954477,44294765.48029389
2021-03-27,1.0912649650533977,726858.936675879,52832908.91299132
2021-03-28,1.235736497399214,1111713.0636733766,59947668.07075236
2021-03-29,1.2601849117736423,731021.6790322152,61527458.73754915
2021-03-30,1.4038850895064454,1155109.620934559,69376453.35976359
2021-03-31,1.3213250699262138,1243001.7431077631,63907169.94318024
2021-04-01,1.4240016321409958,1063256.369847741,69022752.4156512
2021-04-02,1.4900590429202913,878232.4574619954,72203105.04615389
2021-04-03,1.780828069716394,1238000.6536017156,86293139.75134405
2021-04-04,1.5274567548842364,522826.1375152175,74436258.88860168
2021-04-05,1.6756133250809346,1052008.67942448,81016216.56430528
2021-04-06,1.6188907263524015,967270.6574262388,78342109.67449139
2021-04-07,1.7112520335856967,1056227.2154701883,83014959.46929467
2021-04-08,1.6549677248716455,1009237.7110786065,80302888.5391218
2021-04-09,1.6033007597220528,1503225.7996548726,77483172.92910889
2021-04-10,1.4503522904867523,1089499.2158705157,69779803.01747246
2021-04-11,1.5678878802475116,386459.92336070735,75816610.73045601
2021-04-12,1.6780017435298689,1112130.1591309104,81202461.69838892
2021-04-13,1.766902984381313,1185298.17933046,85485651.24771464
2021-04-14,1.709359303844473,1312931.080773617,82598735.55813426
2021-04-15,1.7279139446703486,1157912.4912143853,83643213.47126865
2021-04-16,1.7186733727245678,835300.5709135599,83163212.64359242
2021-04-17,1.5308076506022081,532061.4383105803,74139029.34167273
2021-04-18,1.4393483071869988,492877.1701466025,69027851.15387025
2021-04-19,1.5274213481848256,1772647.7789601702,74061587.97824542
2021-04-20,1.9652820316535922,2187633.247908054,96642651.52359368
2021-04-21,2.0284471321847715,2286607.267219786,98798341.47675414
2021-04-22,1.575820822117559,5650591.977401101,72810905.89080776
2021-04-23,1.4478517767183863,1411359.2347647238,70051912.00010861
2021-04-24,1.2690647868759113,833770.6477920396,61355906.721200906
2021-04-25,1.1631266545646652,715865.4539344893,56370492.742139004
2021-04-26,1.0856521997049706,692883.2990183822,52647370.56338821
2021-04-27,1.3534307554326401,683101.4617378821,65445008.8172555
2021-04-28,1.242108979764287,581022.6117273265,60155052.90804091
2021-04-29,1.2729764435392399,654574.8906252976,61599371.7550577
2021-04-30,1.2918517635332067,638314.1953852199,62506725.02468519
2021-05-01,1.1353880187401981,693327.5604104246,54877945.715486236
2021-05-02,1.2076672169982474,665590.3291219551,59061119.249662615
2021-05-03,1.0852965122126446,302365.6738391802,52536155.45342351
2021-05-04,1.0641358755573045,919777.2478264073,51356747.30913165
2021-05-05,1.1121551772914964,1208114.044071601,53999682.452184364
2021-05-06,1.1399184193699965,567878.7037039412,55213941.5673919
2021-05-07,1.1288683713700272,681448.2282171969,56160458.44483991
2021-05-08,1.1641539296687264,511287.0958902953,56019180.26435217
2021-05-09,1.222110228862777,297871.1456747226,58919454.13158948
2021-05-10,1.1760650518433922,397649.3606520454,57040179.3652642
2021-05-11,1.108165376411292,248732.12429123573,53705935.70640531
2021-05-12,1.1138732350592566,189510.01841664762,53635010.42802443
2021-05-13,1.0748015160510862,391043.4837347725,53274215.72738162
2021-05-14,1.0811317386693293,531626.180908642,52407662.978836596
2021-05-15,1.2302436001991894,596485.8170911917,59541560.36688767
2021-05-16,0.9888759008469368,634120.8986777951,48067534.14136065
2021-05-17,0.9232825290066269,671510.4423662802,44687781.06736422
2021-05-18,0.8953125885228338,532166.3652835985,43529054.62451071
2021-05-19,0.8600544273349533,1060773.1109875639,41745593.53876492
2021-05-20,0.6630225460192022,445332.78513262625,32557574.05246522
2021-05-21,0.796013438929842,606672.9876875258,38643333.009736665
2021-05-22,0.6867650325611208,699642.3843545292,33236239.176080495
2021-05-23,0.5930724396384653,213753.2848055875,28808595.69407789
2021-05-24,0.5256348642911042,378955.41130532586,25535084.442139126
2021-05-25,0.6361843593187719,208750.83465622456,30672771.84939698
2021-05-26,0.6485463610110472,303935.3879479805,31339032.071543034
2021-05-27,0.7453473045755487,281785.6543613454,35843040.48850961
2021-05-28,0.7448660413590239,421670.86495522165,36018497.87736204
2021-05-29,0.6724987911806042,333920.26811922307,32539625.887810092
2021-05-30,0.6197237017330876,310464.1065665762,30262201.302491177
2021-05-31,0.6597757005566788,239720.370853849,31943764.90063588
2021-06-01,0.7292913684360204,315543.36055782554,35362842.143078156
2021-06-02,0.6883611955393261,198353.35248603945,33296810.64430566
2021-06-03,0.6820285852818178,207111.28158507557,33010853.27971073
2021-06-04,0.7628285488135251,117320.143108342,36855999.24501848
2021-06-05,0.7082540718298803,141082.86148603552,34243714.5687033
2021-06-06,0.6816358483355632,251766.77024182578,32896772.70610111
2021-06-07,0.7457142815041158,290614.80178788595,36006030.66376447
2021-06-08,0.6392729611742682,287741.16727685154,33801631.602430224
2021-06-09,0.6686095840937653,274384.0707061819,32399162.574275322
2021-06-10,0.6767129139640131,238092.01391507755,32822375.39269385
2021-06-11,0.646990733453959,95998.18244037851,31314986.84407187
2021-06-12,0.571870238211131,164734.85431235156,27777475.279965714
2021-06-13,0.5826563720943041,224478.19307345667,28201140.577921715
2021-06-14,0.6001678970467839,194819.15966650692,29052578.14436416
2021-06-15,0.6211511296697843,208176.6474485557,30651672.53797373
2021-06-16,0.6462666215800194,138502.48497551907,31300375.6783263
2021-06-17,0.5826344417236126,333942.89175086975,28221837.794213034
2021-06-18,0.595031511050914,75234.63833335944,29722650.006249707
2021-06-19,0.5298217863554724,346614.57630907645,25201323.68128922
2021-06-20,0.5297481377061666,294849.6321049537,25916975.786221422
2021-06-21,0.49349983159167027,288594.5953405247,23910637.41828788
2021-06-22,0.36994149134933957,667166.0744969451,18017419.75067281
2021-06-23,0.34189518138271363,445930.3598183556,16394574.633021727
2021-06-24,0.3649516528043376,171421.6446145486,17664018.378252994
2021-06-25,0.3795760658129734,189375.42051265363,18372585.751461532
2021-06-26,0.34105988732690334,314479.476948874,16415273.822081093
2021-06-27,0.30929105957331354,251269.49317806427,14946533.622625483
2021-06-28,0.3349839271714454,134641.99225155564,16149341.808855146
2021-06-29,0.3519698950781866,129539.1678662131,16982234.689043615
2021-06-30,0.3676016081169011,204077.28817956362,17793884.47316563
2021-07-01,0.3713855358467278,203204.18170608205,17955500.469218466
2021-07-02,0.3529922031090089,182200.36325114363,17101985.407488964
2021-07-03,0.35322208669249,183818.31579526517,17051142.42839389
2021-07-04,0.35434973268519565,191237.0862492599,17057568.71623624
2021-07-05,0.3694440001149748,238603.79116478757,17867644.14177571
2021-07-06,0.36103657672097494,176420.9966628828,17377374.70257457
2021-07-07,0.3758688960958418,303580.5043393691,18172588.009121563
2021-07-08,0.411723078063275,304272.45374249713,19943884.03635587
2021-07-09,0.3836641607377296,100659.24615718929,18569722.137911957
2021-07-10,0.39112781032296506,127110.65262122323,18910979.751982618
2021-07-11,0.38033265617759465,109539.54999491174,18412070.537970617
2021-07-12,0.3792043969269771,133460.78215896562,18307365.850107536
2021-07-13,0.36112006130586116,263186.74194111297,17484666.64467028
2021-07-14,0.3455703153170862,195014.111435865,16786979.689134765
2021-07-15,0.35323899034067185,164473.1010624715,17104984.780964464
2021-07-16,0.34510063954443476,160567.2829220232,16756379.322818136
2021-07-17,0.3313394220873598,137196.0673382,16016535.556478653
2021-07-18,0.33087586252755063,211934.84609823083,16014716.666430451
2021-07-19,0.32507251821761546,73376.30450127927,15695624.442078391
2021-07-20,0.2975404654585855,188481.8446513683,14413298.341807527
2021-07-21,0.27375293167961023,221338.30264611813,13249910.718672043
2021-07-22,0.30514426344089013,213886.00584886715,14728109.39556443
2021-07-23,0.3100497549662297,83873.1132430723,14984852.65412309
2021-07-24,0.3089195734070451,142150.06579995414,14952010.711922068
2021-07-25,0.32362124674709053,142259.2164362278,15656236.168054668
2021-07-26,0.328107758724,132537.96921578972,15863697.475066025
2021-07-27,0.34867565746280044,142588.10260956906,16946443.56481145
2021-07-28,0.36880650830635364,213804.93509105066,17770743.353886217
2021-07-29,0.3634685107734841,137771.24572298993,17585465.122866187
2021-07-30,0.35992930698412684,208785.46203601215,17339936.266259406
2021-07-31,0.37366175611525254,144700.21396701047,18104140.732584577
2021-08-01,0.3794864536520353,119039.19162933463,18387285.810784873
2021-08-02,0.3757516507505607,259655.04319294498,18264214.950388856
2021-08-03,0.3870147445873849,166648.80420799137,18733939.756202914
2021-08-04,0.3686902228854323,162585.90119801802,17875508.408505227
2021-08-05,0.3936845279187869,235227.49486973952,18857404.658877477
2021-08-06,0.4094783584307722,299510.93461884826,19811866.115619563
2021-08-07,0.41823379030870084,173903.91111315193,20247312.502557945
2021-08-08,0.48694942976831695,817111.937384918,23421681.303364474
2021-08-09,0.481283979974742,210076.9791415391,23101243.974210974
2021-08-10,0.5197024315803306,308962.8957379026,24251054.177028805
2021-08-11,0.5009779002743715,313439.0819887979,24247907.641254365
2021-08-12,0.5227201161386674,131367.39791237956,25400077.2834349
2021-08-13,0.5018938054788898,153440.6156682929,24268136.519928005
2021-08-14,0.5509501096424491,486106.58425960224,26615512.47817904
2021-08-15,0.5596886071580018,246941.69160860212,27075421.369545702
2021-08-16,0.5633054429542904,199130.54734857604,27254764.878183298
2021-08-17,0.5731728588634855,350104.32002920733,27803627.08945565
2021-08-18,0.5565865164987772,164318.95682029842,27118571.612778492
2021-08-19,0.5781256998977984,143349.36906052526,28004947.872527957
2021-08-20,0.5618682582318334,271930.7176380006,26748493.770432197
2021-08-21,0.5749658864156566,257207.6273830386,27564493.58552128
2021-08-22,0.569405913362539,239010.61771051632,27638900.961540505
2021-08-23,0.5664915925682844,112655.39990821992,27442378.96584296
2021-08-24,0.5823341615838404,177964.96697927828,28195397.568832304
2021-08-25,0.5605347264105539,182178.0283204056,27141218.34433384
2021-08-26,0.5675973425281716,140275.61343377692,27472806.415194705
2021-08-27,0.5453290078597502,212102.4156800498,26422699.7944028
2021-08-28,0.569480576124671,135465.01040391292,26767436.051213346
2021-08-29,0.5238729186625883,105515.24573334014,25372907.04139454
2021-08-30,0.4911958687866814,386452.680326082,23784490.16448877
2021-08-31,0.5009652144137796,177331.68707909115,24345415.30928491
2021-09-01,0.5138058130848137,104067.52340234422,24868705.910613433
2021-09-02,0.5416234040048714,214947.1518454095,26247991.2757992
2021-09-03,0.5506287941496865,127847.62282871616,26530674.548096616
2021-09-04,0.5577381917829004,140249.32266786354,27715427.567570496
2021-09-05,0.6065434415442753,170700.74332902752,29392942.29972641
2021-09-06,0.6152222871576959,234260.8652026214,29848131.486138996
2021-09-07,0.6436416420995931,708959.3909312574,31743646.55519652
2021-09-08,0.5516299857343996,337141.64975535223,26682038.37876181
2021-09-09,0.5306846530637916,161477.22623910574,25663903.55050892
2021-09-10,0.5370937522289155,409277.4213785768,25985733.989506427
2021-09-11,0.5263525262821145,195793.08897270786,25502624.796167333
2021-09-12,0.5294101314728767,111947.0797096896,25650707.458146404
2021-09-13,0.5148960473813351,365542.13530311297,24873098.422505233
2021-09-14,0.48174040407705165,125270.51228077973,23294547.73618917
2021-09-15,0.5112372524325285,108403.15567919954,24682898.150094908
2021-09-16,0.5004876728270136,215764.45100911637,24283682.04569483
2021-09-17,0.465552501995896,180433.07825695883,22541122.192063928
2021-09-18,0.43930748420558224,104039.09441308619,21253504.489956092
2021-09-19,0.4639742951393781,226595.71580475356,22484832.11279374
2021-09-20,0.41606647808317027,243930.45467616658,20125941.318121616
2021-09-21,0.3466166938100364,210007.86934229668,16825814.634160683
2021-09-22,0.33273152606417217,175519.681092256,15987426.231471103
2021-09-23,0.36332876358680827,43983.60920160021,17538336.02409906
2021-09-24,0.3643078823245871,73490.11770837844,17604006.37607982
2021-09-25,0.34530958646450804,94503.29066108653,16679228.464404378
2021-09-26,0.35052717407079825,19518.505170665656,16962913.005441714
2021-09-27,0.3420136408419318,32999.59588212006,16571840.354245735
2021-09-28,0.3394647661191509,36422.103702902896,16424503.615481889
2021-09-29,0.3220472116631514,30841.253934742563,15813108.606843567
2021-09-30,0.33032214627305717,34594.13435600053,15979377.423839968
2021-10-01,0.3428480754967674,88006.789508232,16605029.204205172
2021-10-02,0.37250178663530265,239951.57028577215,17974536.96237338
2021-10-03,0.3798703604863723,23302.679324987108,18386098.480234418
2021-10-04,0.38346627292262286,52433.56728186459,18530212.846233338
2021-10-05,0.3590746873458448,125084.13828181113,17413312.834112663
2021-10-06,0.3874934447039855,181318.17154257954,18756556.021772437
2021-10-07,0.40920495622873077,85711.19288537657,19794255.40537315
2021-10-08,0.3991348875203001,73816.96928110272,19186223.655231167
2021-10-09,0.40977678355036085,186111.7751485667,19923437.734459512
2021-10-10,0.4226995288201116,61511.914947728466,20450109.06261314
2021-10-11,0.4005429663612279,18645.24864850913,19406883.143828567
2021-10-12,0.4218525343620408,124238.28509904086,20411014.354087915
2021-10-13,0.38384481668773673,415950.60587601265,18574826.644118045
2021-10-14,0.38905976002345327,88091.7847154829,18832019.02964188
2021-10-15,0.4086424671288295,45431.75579651737,19759351.22702007
2021-10-16,0.39987012222239854,17313.374339717015,19326414.480924346
2021-10-17,0.382228558646058,382020.34125633887,18413930.716388598
2021-10-18,0.37757318956921515,82449.08981696886,18239552.605864312
2021-10-19,0.36702262368264876,165724.55770999627,18007638.066937074
2021-10-20,0.3460699885025139,383796.53801354684,16734820.851498233
2021-10-21,0.3698568354550407,155886.97390502985,17985056.918147977
2021-10-22,0.3656967209486484,46390.532979173884,17702417.22598233
2021-10-23,0.3433287183976884,148766.10587602505,16564426.375316983
2021-10-24,0.3434769683494232,100179.88571670982,16709124.56013594
2021-10-25,0.3367841797785924,100985.82084220443,16336630.667261077
2021-10-26,0.3602180943157773,138846.2333235582,17374696.5973613
2021-10-27,0.3624603561987879,186353.96392989196,17666219.616681296
2021-10-28,0.36553594883867824,465386.12788587983,17809458.11623268
2021-10-29,0.3885672549877651,311652.6146770098,18764689.949515864
2021-10-30,0.3953140924801716,223848.27033405332,19054217.147620752
2021-10-31,0.38721145151350966,578572.2614381487,18711944.656528097
2021-11-01,0.4063853920844609,91000.70560880234,20117141.83642433
2021-11-02,0.4137639323660376,275115.63435595366,20111684.7828258
2021-11-03,0.4235438887674509,98122.38165613929,20554998.686928615
2021-11-04,0.41893312575976754,292022.1475377885,20317611.816920053
2021-11-05,0.4190706786390459,74536.51991363952,19958382.41295047
2021-11-06,0.4193172831929077,104466.18570358223,20286297.20410875
2021-11-07,0.41226848583733483,25444.107376740867,19922119.927809745
2021-11-08,0.4814843394621199,788355.9369217962,23025101.772101346
2021-11-09,0.5795738453654599,453189.6427758722,28059233.742027257
2021-11-10,0.5573667311296786,364260.66179926327,27028808.862518754
2021-11-11,0.5357500886049587,459554.09676183364,25930830.39506701
2021-11-12,0.5767524790007038,142912.18562511902,27790792.303916086
2021-11-13,0.5159491922767686,861649.729898421,24892182.155351005
2021-11-14,0.5199746073713797,7544.703784628917,25180205.94274276
2021-11-15,0.4988426176048622,58267.52650035133,24045511.021712415
2021-11-16,0.49348064874972286,15368.480971331493,23884947.99748366
2021-11-17,0.5141891998280487,260039.82252314207,25038956.26154254
2021-11-18,0.4655544067032012,287644.7272748416,22424298.470985454
2021-11-19,0.4520982334448336,297060.3109792008,21832982.738085344
2021-11-20,0.48743499127565393,130043.60651845194,23549723.749486316
2021-11-21,0.5032654702553125,52944.611084050266,24498172.449676868
2021-11-22,0.5021110185263473,37060.17758896448,24366745.922665477
2021-11-23,0.49312523355615856,286883.0021479712,23867745.553097427
2021-11-24,0.5218472709911972,175381.64561270605,25274221.133622963
2021-11-25,0.5114132459428763,35763.57412395746,24763389.608767364
2021-11-26,0.5876849327933378,291656.016799293,28591064.391753323
2021-11-27,0.5712575853030601,531156.8207535312,27637861.625300996
2021-11-28,0.5987716264981844,109566.05427773595,29006993.999329295
2021-11-29,0.6184077270699327,70186.33518925469,29939746.98648392
2021-11-30,0.6426603024540081,137298.27771388413,31116524.810828388
2021-12-01,0.6773466358414931,143527.6977950777,32876672.51078389
2021-12-02,0.6727231448024,87406.2697665675,32455527.853323195
2021-12-03,0.6340358606242583,238378.09506454848,30653148.8529406
2021-12-04,0.5814756768171409,109897.42490200335,28145605.971074723
2021-12-05,0.5390331128842729,145816.13823268792,26209684.272717196
2021-12-06,0.5376554385208158,229599.34374730283,26019408.611873124
2021-12-07,0.5493253195755572,118488.96160285483,26559591.41542888
2021-12-08,0.5262792867849319,68284.84233944741,25535126.15771049
2021-12-09,0.5408751293744289,109465.77567217084,26182822.275480285
2021-12-10,0.5108064696826156,67555.06268018422,24668122.475098006
2021-12-11,0.47574249710569405,123401.76144023523,22870472.558460195
2021-12-12,0.48382706929148384,89516.38828147916,23360165.49837598
2021-12-13,0.5097774243340676,142808.06632234444,24986483.728322573
2021-12-14,0.44557673687841104,452783.98827821884,21655259.90893389
2021-12-15,0.4642506962595249,247990.47576449232,22494334.5175898
2021-12-16,0.45410168545842794,34568.278848128895,22028895.78163845
2021-12-17,0.45962443966403127,46967.87804492012,22409035.125591077
2021-12-18,0.4354510942652139,60002.79168828537,21456361.987714097
2021-12-19,0.45584930024988796,192785.04454699164,22113229.335844703
2021-12-20,0.4837746901805855,361735.1692390052,23425507.583275102
2021-12-21,0.4992184505097164,317369.4422215839,24182293.228351366
2021-12-22,0.5230095047910637,81566.66212450253,25306658.79818361
2021-12-23,0.5462804944145557,245384.00168543388,26422386.65421176
2021-12-24,0.5534961146347339,173659.30580524972,26920970.491867524
2021-12-25,0.5126609896887585,349492.8680826224,24822268.601003516
2021-12-26,0.48429253327171917,667722.7611782956,23361278.932786006
2021-12-27,0.46085955329940254,261535.0025376005,22279323.775246248
2021-12-28,0.47391059101090294,134930.22163332938,22960827.014114764
2021-12-29,0.4235678340788517,192603.02550262,20535258.007158063
2021-12-30,0.41363825051992065,44137.60825671804,20034535.376603037
2021-12-31,0.3926540037867675,180855.10169500537,19090126.388270427
2022-01-01,0.3693814670487713,240826.7844474065,17925189.08868231
2022-01-02,0.3704243447198881,272859.2211718221,17886481.836989466
2022-01-03,0.3940292629192323,98241.26117871715,19064948.909530073
2022-01-04,0.38686422792682823,78270.1821690104,18744754.81540575
2022-01-05,0.3961237167102524,49334.133481527155,19235736.455424912
2022-01-06,0.36875182488738684,28258.882217667764,17878879.81788442
2022-01-07,0.45560668428181306,1183547.4105962967,22062074.434595764
2022-01-08,0.3750631537993475,961658.4946111448,18128884.05476494
2022-01-09,0.3815123058966511,54516.50398126116,18542003.164842058
2022-01-10,0.39943494343963215,34866.86921260334,19333043.507592656
2022-01-11,0.38465760526820225,59175.12956708667,18607527.53818711
2022-01-12,0.39978207719094033,72979.0900645697,19434159.76577135
2022-01-13,0.385830473627175,303166.3239264835,18509544.56813579
2022-01-14,0.38029358963744786,193267.94326053263,18412164.129149735
2022-01-15,0.3847848945295018,112338.0439166053,18655034.36320943
2022-01-16,0.38578758835549964,72303.97479031974,18645579.380534355
2022-01-17,0.38169676248507023,32787.46811305236,18470111.33432269
2022-01-18,0.3697919878431423,36781.63704535293,17905399.644913707
2022-01-19,0.35571247602741457,248989.90667809555,17029484.486983508
2022-01-20,0.31557090520981934,344941.79262598726,15267123.919819893
2022-01-21,0.3096292571291261,285788.25356625946,14984130.005400551
2022-01-22,0.2583447093058075,154092.02870327752,12499767.539202053
2022-01-23,0.265313998695527,268572.8275419433,12671181.381699633
2022-01-24,0.27491395069695296,48138.92137997364,13592928.98515789
2022-01-25,0.27099971978680854,124403.03067127042,12966581.411767649
2022-01-26,0.28485615629171596,193834.2958705403,13802039.736366233
2022-01-27,0.257590904055267,142419.27693938708,12477461.152302979
2022-01-28,0.2785253732092984,170799.96737141153,13459097.28552141
2022-01-29,0.28617277626909055,34093.030745332864,13856968.524814816
2022-01-30,0.2761100048466917,87672.98883972621,13353399.464094343
2022-01-31,0.2774209815020598,89427.51199588466,13456308.811392201
2022-02-01,0.30438709252479323,219181.9130140309,14706099.631991224
2022-02-02,0.29834068991284957,158056.7177558804,14468890.890543843
2022-02-03,0.29832666382108836,107604.08830301366,14436624.710667646
2022-02-04,0.3091470801581611,90097.97816804549,14918204.749928901
2022-02-05,0.3948429477661099,585261.009816678,19168465.867123254
2022-02-06,0.39595766125817167,61584.147071117004,19205384.58153993
2022-02-07,0.38715554906973926,54175.77007124471,18769854.059163548
2022-02-08,0.4020093413930408,16905.30007858396,19476877.96659758
2022-02-09,0.40571096698426673,62716.67901254857,19576879.880773626
2022-02-10,0.41576358304278144,90311.45966803927,19909940.6046034
2022-02-11,0.38068095054982537,130682.57853191659,18437524.9626764
2022-02-12,0.3603351188515326,28849.513963227186,17427887.11131862
2022-02-13,0.38503454110055035,133949.73572059657,18628905.704293925
2022-02-14,0.37416689901926214,261887.60598365677,18079913.92948521
2022-02-15,0.3665554772357469,46353.91835595207,17737150.480277784
2022-02-16,0.3777131774501674,144455.9991478792,18146365.9487296
2022-02-17,0.38838653843884874,70738.35814090093,18712212.145957112
2022-02-18,0.36610998731177946,115170.52561565036,17861024.8939748
2022-02-19,0.37572723288302556,219423.52001900531,18154801.12786989
2022-02-20,0.36107547584891836,51404.126386552154,17678363.29770728
2022-02-21,0.3495611276257096,90667.6808672405,16940995.162947766
2022-02-22,0.3494501040699481,112677.90937353487,17144152.124207716
2022-02-23,0.34784856367421335,144086.72082464237,16839713.1803604
2022-02-24,0.3393914694349536,172960.7807385986,16434616.404895822
2022-02-25,0.2984287474024465,209608.75162542972,14456383.323697083
2022-02-26,0.32124133416174483,128412.42202204483,15546201.935836684
2022-02-27,0.3278944539038566,11720.16722344256,15788662.209660197
2022-02-28,0.28397668067901444,125599.17738204662,14083103.899415337
2022-03-01,0.3106382659408844,102407.34138791,15076209.936038783
2022-03-02,0.3282656594938823,115368.42959756519,15806802.901907872
2022-03-03,0.3268456943319464,9432.320255197079,15845069.073383084
2022-03-04,0.31052649534352966,22814.879239260987,15045267.227013554
2022-03-05,0.30270569172897155,26925.912208056026,14502329.338125294
2022-03-06,0.30514808196629845,35724.1514086916,14762628.983574767
2022-03-07,0.277004582493618,4858.659853079765,13414952.9128068
2022-03-08,0.2805073533333302,19014.528285534507,13806413.37818088
2022-03-09,0.30218563729838577,125770.53357003679,14658455.790416157
2022-03-10,0.31249364019196657,107226.51125736168,15055763.182477752
2022-03-11,0.29127074382366475,41821.95689983786,14062974.334956555
2022-03-12,0.28977285987668344,100471.29189219947,14036196.246553043
2022-03-13,0.29965465778733785,56182.020077215384,14508501.266117858
2022-03-14,0.293507492430588,62677.037581188764,14205031.263250526
2022-03-15,0.294678066097616,14754.791551279774,14262202.75363533
2022-03-16,0.2997118902836204,117501.78730869658,14520923.812713688
2022-03-17,0.3024649434370172,140204.7090540039,15254568.921611095
2022-03-18,0.36881660845049963,531646.6555349565,18044977.229844283
2022-03-19,0.3942123675838767,52758.86272822922,19084014.96897786
2022-03-20,0.3898159800688773,15180.761973442977,18846512.608203024
2022-03-21,0.4102492150921881,151313.11507033076,19767730.086958423
2022-03-22,0.39805792256049083,25497.404130579853,19345634.432080243
2022-03-23,0.438678369257595,261962.86464092354,21240816.433954135
2022-03-24,0.44937364244216255,41177.52089643554,21776801.156818062
2022-03-25,0.46709181760038027,76321.82306552814,22552690.89586151
2022-03-26,0.4563664003089747,29005.970174320035,22082928.968863722
2022-03-27,0.4622414878776771,17953.173705154968,22370979.21247886
2022-03-28,0.48221299631993286,46109.30147087652,23363477.794651736
2022-03-29,0.4774832726482126,30571.190572925,23110659.28474723
2022-03-30,0.5054766976895543,69869.45299500454,24449394.61278679
2022-03-31,0.51919269117625,110637.58009103376,25141816.70642343
2022-04-01,0.5286789233453962,175157.1821753114,25575172.95830362
2022-04-02,0.5665450109198811,288095.7408330342,27417373.3394698
2022-04-03,0.6026211437852683,159995.5755023912,29212016.003437154
2022-04-04,0.6105390561579327,80407.12934036457,29549115.725437738
2022-04-05,0.6217306089009403,118679.13476403574,30084665.376712363
2022-04-06,0.6067720944219883,134974.80967662853,29412359.297111534
2022-04-07,0.5505665251487941,69513.2767573835,26720117.33698571
2022-04-08,0.5457916736265198,23293.789159518987,26369490.081908137
2022-04-09,0.539619170782753,37880.897876880044,26120145.024333436
2022-04-10,0.5374545050962656,25608.952212387507,25987749.124816656
2022-04-11,0.5660879524388548,116003.89149104086,27445457.3671702
2022-04-12,0.4936995910235877,60641.825867491854,23959409.843088813
2022-04-13,0.5039169342303869,20977.06480012119,24353239.55520568
2022-04-14,0.5091021836996,11165.665006570902,24606952.244679432
2022-04-15,0.4896972385306693,123197.34412347457,23704296.735613957
2022-04-16,0.4963010750825612,15305.36464773554,24012187.340422478
2022-04-17,0.4930130416275192,3986.031451479225,23829597.870618545
2022-04-18,0.4703477687877303,28845.140096992898,22741085.792143136
2022-04-19,0.4824348988984518,3035.4375875518144,23350322.857755784
2022-04-20,0.4802512444333342,21702.693176220397,23232553.936888713
2022-04-21,0.4801168132601919,13108.213658486105,23243122.666737776
2022-04-22,0.4631995435329042,46570.274615838,22371614.50181798
2022-04-23,0.4580869433251747,9139.646573977498,22170800.685540635
2022-04-24,0.40620709974808195,255433.67663850376,19743640.72653463
2022-04-25,0.4083494474138544,24624.342537333945,19616584.791082602
2022-04-26,0.4215658789127535,133983.00479543282,20410515.724725492
2022-04-27,0.39945987942510874,26724.601432411873,19334250.433776855
2022-04-28,0.42451191887212136,124928.4745393847,20509685.093928397
2022-04-29,0.44622814807583205,80252.12494235965,21591926.519317977
2022-04-30,0.43125555911499247,280945.57027658843,20893097.52636943
2022-05-01,0.4300705590882141,82790.41458510426,20815837.389158588
2022-05-02,0.41083753868056744,118662.20419363349,19892135.02347234
2022-05-03,0.3991507465635129,50863.36606526608,19301504.719932545
2022-05-04,0.3910019436787102,88547.60167416236,18910354.221450675
2022-05-05,0.39622478086995155,106678.29465735596,19181852.440736752
2022-05-06,0.3692089643048053,31649.57062738112,18044655.848174613
2022-05-07,0.3593973796373695,76865.60184447074,17411310.79759386
2022-05-08,0.34614253708385084,13208.459535944463,16752450.494725417
2022-05-09,0.3433557789156424,59692.636806034934,16585437.579480764
2022-05-10,0.31905914709699496,82699.58355690293,15440131.872202989
2022-05-11,0.327448476890651,598623.568242586,15658095.981354399
2022-05-12,0.26389811493652776,258319.1868797416,12763300.651451558
2022-05-13,0.21799462805122025,382060.62476707756,10530459.681969559
2022-05-14,0.23077999141374517,17331.685193118108,11297541.308046088
2022-05-15,0.18740808994473895,165910.038594262,9122834.437714122
2022-05-16,0.3249266691368969,719026.0106348994,15794336.661048833
2022-05-17,0.2966916245861472,145987.15500412026,14346833.259992873
2022-05-18,0.2779959507801956,85733.379625864,13471025.789077213
2022-05-19,0.2167523855125229,186403.31576582647,10495483.009385299
2022-05-20,0.2118403031473255,132707.59876591119,10249051.873140994
2022-05-21,0.18816675152381493,247054.53243379854,9082516.410629284
2022-05-22,0.19244953408709073,64984.35856574944,9299451.308469893
2022-05-23,0.19513928250078613,16360.075847737122,9401801.345295925
2022-05-24,0.1930783266548279,46426.76647089982,9322918.361544011
2022-05-25,0.19109908456482774,8326.024788328925,9214425.125840398
2022-05-26,0.19143990240063835,32683.301457763413,9267170.706101596
2022-05-27,0.18108709839166637,5395.56282079095,8774592.012499267
2022-05-28,0.18006985539194303,32878.677504421255,8721157.597348105
2022-05-29,0.18151305856360309,12795.672421556894,8815010.855609383
2022-05-30,0.19935842856161967,11590.61180859606,9749972.597514212
2022-05-31,0.20398992904228677,18916.475240022115,9800588.825078383
2022-06-01,0.23763874619820985,128258.97382597772,11491848.252821295
2022-06-02,0.22129985269480754,94503.92228654941,10717294.2777476
2022-06-03,0.22106124454759588,9019.18594442034,10692934.100069998
2022-06-04,0.19660662647304766,57626.11406008659,9528576.814221691
2022-06-05,0.20269545046466067,5321.088527591424,9807052.843186215
2022-06-06,0.2243849237817708,74896.65344437705,10892100.12282711
2022-06-07,0.22706865462737744,2660.3200077359174,11003250.24786218
2022-06-08,0.22823662532721709,23645.412134170314,11114987.300602993
2022-06-09,0.23184280958781597,22955.600883243154,11243096.114370067
2022-06-10,0.2516051723707509,61696.81600705235,12182101.140289452
2022-06-11,0.2276015266686734,20493.499613702734,11041754.35073056
2022-06-12,0.21094710727881102,16933.305269470497,10084574.218517119
2022-06-13,0.18985289022853447,22261.79212203696,9198168.980321106
2022-06-14,0.15475072296818881,256063.5928712522,7602228.010209314
2022-06-15,0.16086541183573996,59154.626829872956,7785903.278629934
2022-06-16,0.1629717241314918,111313.75094749083,7821120.115664317
2022-06-17,0.12591229175499422,17691.24884649741,6065471.467637211
2022-06-18,0.12546035477365486,53530.96429997503,6071559.437990815
2022-06-19,0.11686506171115643,86244.89884630007,5651943.286734017
2022-06-20,0.12732904751357577,90130.37833502828,6149312.041907313
2022-06-21,0.1433427937867517,115306.09313838217,6871493.955632985
2022-06-22,0.14019852802038832,13254.7208805069,6806263.350535903
2022-06-23,0.12724965482898726,43043.41613560177,6132207.055131904
2022-06-24,0.1450024958767888,39072.82504695237,6925604.093255258
2022-06-25,0.15979575430246462,47846.6740724437,7756223.8062803205
2022-06-26,0.16837245861293418,35789.46855788574,8227643.137202319
2022-06-27,0.18464872517579314,67340.87094060476,8940040.556276618
2022-06-28,0.1795176965797183,15053.500614930928,8794317.573188992
2022-06-29,0.17073327299069083,22373.361788320934,8254298.141592541
2022-06-30,0.19186068552579427,172772.2627225745,9284573.92205861
2022-07-01,0.18751159925725053,64195.29435000257,8903822.015029937
2022-07-02,0.17979272228084814,68301.7049828877,8780890.095465748
2022-07-03,0.18581033304280106,58855.21949958288,8891562.179577066
2022-07-04,0.18682324700062847,63826.09434125608,8987703.129513793
2022-07-05,0.18652996027486754,143593.37280288705,9027208.930334212
2022-07-06,0.16000004585010288,166751.47291492837,7742699.018417208
2022-07-07,0.15796392847400945,58175.782839211824,7649963.178401135
2022-07-08,0.18441976267147484,143845.76711530218,8941292.544614328
2022-07-09,0.1796654333528868,13660.35137516784,8765362.34069657
2022-07-10,0.18343585855350852,22838.912140254582,8850090.08108226
2022-07-11,0.1943509485111074,125928.81256365523,9299988.223507645
2022-07-12,0.18779337557480155,14222.454144284975,8974919.683401223
2022-07-13,0.1907609173198095,42961.218267469325,9348460.49031243
2022-07-14,0.20149224260838955,24415.1265252876,9698841.410404865
2022-07-15,0.20621898155253734,4653.013507717765,9981364.876550492
2022-07-16,0.1966630500690539,9418.857898915485,9518684.746457377
2022-07-17,0.20738656917401269,32893.59572054855,10036766.569737883
2022-07-18,0.20184252270594805,7029.64973480063,9815955.688262278
2022-07-19,0.2244113998757458,28413.423961135388,10826915.129651682
2022-07-20,0.2075878348298423,29973.64514576709,10064504.585136618
2022-07-21,0.20967183865305586,18309.483974290222,10161242.934891049
2022-07-22,0.20015620119676886,16133.06739604162,9748397.83553611
2022-07-23,0.18979041997431761,52364.85521456124,9147440.858257804
2022-07-24,0.1930014750239276,8274.543407953242,9330477.229346849
2022-07-25,0.187118769217277,14502.240708769057,9083533.737869162
2022-07-26,0.17277579249984615,6408.7030644730485,8504800.517292453
2022-07-27,0.16660374989533566,17306.24412135296,8065445.28616455
2022-07-28,0.17929017415283707,18980.190618396464,8671097.307017367
2022-07-29,0.20393108533777518,67988.63346299039,9851491.218470046
2022-07-30,0.19747799192959598,32618.76750999505,9665923.59524168
2022-07-31,0.1906390839696195,6461.42943946755,9216950.270372301
2022-08-01,0.19150658349969005,4988.6865996194565,9327302.55824059
2022-08-02,0.18295030247518917,17019.456336466246,8831363.594061518
2022-08-03,0.1733111452860648,89245.03758490777,8421638.367918056
2022-08-04,0.1746479672070272,14533.571264542903,8454110.481133541
2022-08-05,0.1817392764357619,32058.763361132536,8798001.699685032
2022-08-06,0.19906913872927703,17375.928026334957,9632246.314857196
2022-08-07,0.2038623423681673,3283.622212544889,9809555.756954558
2022-08-08,0.19539951695530144,11043.98735507982,9458512.307116069
2022-08-09,0.19068477386091467,87388.08430945237,9228213.69987658
2022-08-10,0.17499470167941808,23139.394223220726,8463985.548993878
2022-08-11,0.20335451608545016,8849.949673879348,9835609.895986544
2022-08-12,0.20005659366089573,32885.2966211509,9741277.908984376
2022-08-13,0.19622067591038486,29086.465719353895,9497165.89012171
2022-08-14,0.19852448696505,43393.174134125664,9561887.982464813
2022-08-15,0.18939963456463996,29947.740628360127,9178860.575795723
2022-08-16,0.18443023770779496,27350.61241765281,8943597.316559173
2022-08-17,0.1809781405374093,33183.49621748318,8781437.374351932
2022-08-18,0.18621428093453873,40906.861044222336,8967581.288049217
2022-08-19,0.16840108362774717,120522.36083344958,8162196.860146116
2022-08-20,0.15638779015230933,101731.16718690764,7587891.021068139
2022-08-21,0.15466502807696228,7238.916504503369,7417137.858809355
2022-08-22,0.1606013464279531,19921.902058642245,7774566.920411321
2022-08-23,0.14793229944056102,141310.3817311203,7159603.136389832
2022-08-24,0.13829716407414944,25679.887615567914,7171577.918175619
2022-08-25,0.15760593536115738,41799.82864646775,7626697.6482447265
2022-08-26,0.15747416685684304,5606.714534395492,7718788.7463386245
2022-08-27,0.1359912422097988,23893.245682823515,6569204.845794468
2022-08-28,0.14586314776654669,25821.314620682635,7060984.529817682
2022-08-29,0.14594433396387066,29626.401362162323,7138336.972609383
2022-08-30,0.16074788694456071,22888.868094118643,7789000.424436283
2022-08-31,0.15907515733856867,19215.14692232238,7714342.27112267
2022-09-01,0.15617356634774948,25749.92983807466,7558618.582476509
2022-09-02,0.13814528222075556,43092.36287864149,6683110.998140271
2022-09-03,0.1457901013076605,16053.8242773361,7049005.470632166
2022-09-04,0.14351902372151493,4124.530836048384,6938806.271036073
2022-09-05,0.1427634467153679,10261.364325652754,6971134.30233029
2022-09-06,0.15042880537601114,33652.13470632139,7271488.143070797
2022-09-07,0.14746565516072746,42552.32176613883,7135686.018670757
2022-09-08,0.16223209460387075,26435.28752343127,7886292.880833715
2022-09-09,0.1625282139920248,35845.46082175675,7824512.495289617
2022-09-10,0.17189869718905085,33425.7537797361,8300219.256011858
2022-09-11,0.1560365667156147,29345.983872327455,7561172.800969151
2022-09-12,0.16371727875312445,29779.046260777282,7930128.910305115
2022-09-13,0.1502961870737543,38235.317893733314,7281180.3919878425
2022-09-14,0.15238494426296983,39246.94017444966,7391051.249163104
2022-09-15,0.17022842706058797,26414.310914375932,8198998.533436199
2022-09-16,0.14217218574888318,15656.895362973637,6870230.59650684
2022-09-17,0.1362145494756447,29492.835307252517,6591327.175251962
2022-09-18,0.1278212798382934,78177.6070366591,6192215.637549735
2022-09-19,0.11733540780652477,49596.910153381206,5681105.794827255
2022-09-20,0.12204563416417546,22286.35772413812,5940570.564604046
2022-09-21,0.12344901093496473,16869.22810624527,5980700.3601417495
2022-09-22,0.12551390277362595,25326.20965175412,6073960.758687018
2022-09-23,0.12999885146598317,20798.5313304055,5822529.3209959995
2022-09-24,0.11880055739490222,18037.908262895107,5751503.4277077345
2022-09-25,0.12762572726966281,16003.296110218756,6182843.211051587
2022-09-26,0.11480591229776267,15130.67011406916,6086015.543353308
2022-09-27,0.1190913543790684,26260.980074613515,5751400.139268606
2022-09-28,0.11691302304419475,22446.791970951057,5671400.272048691
2022-09-29,0.12734377310282397,25637.709948696007,6170255.257233507
2022-09-30,0.12272102964545178,19824.202613410383,5958241.090625885
2022-10-01,0.11408029876596901,29992.164235089658,5521911.979792673
2022-10-02,0.1138292613958333,19797.25192271656,5507767.083255617
2022-10-03,0.11090263883389843,16687.05774466997,5372908.269189321
2022-10-04,0.12141057023052279,23485.25511506182,5869801.709674964
2022-10-05,0.1273915704193584,20247.088237962864,6172719.028893087
2022-10-06,0.11278727253813256,18448.573684436178,5459655.816678941
2022-10-07,0.11489747902383639,18385.51703957537,5562731.992073173
2022-10-08,0.1117900256641779,26614.50549203265,5394174.506975075
2022-10-09,0.1226415194903787,23685.37656688393,5936998.741315377
2022-10-10,0.1220463320468206,21633.243299375048,5896012.480762055
2022-10-11,0.12295350459764715,1640.6890318294309,5958257.974499715
2022-10-12,0.14131915182398472,25486.764916714277,6841878.9822173985
2022-10-13,0.18599568849068374,108035.30397562301,9002116.655857183
2022-10-14,0.18061914506205973,30503.600139500348,8735344.476448784
2022-10-15,0.17708410717423845,7134.915469472152,8558802.622783735
2022-10-16,0.17588142658329708,2257.575564056808,8513103.425986422
2022-10-17,0.22457229753902672,60667.71458764431,10869519.730885075
2022-10-18,0.17150284402700847,87721.77152263107,8304636.6282743355
2022-10-19,0.16403607467415326,14900.347825935103,7920751.1246998
2022-10-20,0.17478152273950498,11763.300578354212,8266889.947585389
2022-10-21,0.2322882815738373,272153.46343153116,11242886.671976363
2022-10-22,0.17902185665628703,152341.0501415729,8656117.671856537
2022-10-23,0.17212022449508543,41911.70717735004,8330316.953264876
2022-10-24,0.18669529882422697,9266.060263143525,9024471.089629129
2022-10-25,0.1866234175346725,7017.265989566567,9036824.206420897
2022-10-26,0.19245625221310253,8250.721309653109,9323146.893254843
2022-10-27,0.22129611311421038,106596.84206891088,11063061.69999515
2022-10-28,0.20032877370447963,60989.25361134258,9701702.113091964
2022-10-29,0.2064298122201438,5344.352687343423,9631399.704112535
2022-10-30,0.20534177076537083,12147.073734481659,9931005.872497942
2022-10-31,0.23688360914103412,504159.797419021,11449561.070920685
2022-11-01,0.22408785436365286,64447.055149670814,10873581.674058864
2022-11-02,0.20164426743245895,72567.32337788687,9770277.494998414
2022-11-03,0.17818715642512617,256432.6094067974,8624822.759342894
2022-11-04,0.16669138635654243,159984.34312609638,8065173.772085211
2022-11-05,0.1958174528834338,32325.420147664998,9475790.677932858
2022-11-06,0.18800691799422045,13549.755773716297,9092671.170911284
2022-11-07,0.17337660987804382,3641.7623373868237,8389068.781693963
2022-11-08,0.17243273827989516,5196.941087391811,8357279.3400212405
2022-11-09,0.15565048347723456,17826.46181619698,7549923.80810138
2022-11-10,0.12963150334947876,30009.057520148104,6254262.8331351755
2022-11-11,0.15338261647569149,8877.698735175753,7425703.083633822
2022-11-12,0.15217126024872987,7619.105717941985,7373079.13750833
2022-11-13,0.14632381464339717,8887.091351622676,7099253.396009497
2022-11-14,0.12320877488705279,145613.90941309356,5937875.074274348
2022-11-15,0.146006180898167,52750.15207165171,7053504.823909892
2022-11-16,0.20804701500150588,144807.1007063062,10069179.408114549
2022-11-17,0.21343847883061667,64681.70313593699,10305263.79028228
2022-11-18,0.22685213772399523,28404.578457348565,10987465.461805532
2022-11-19,0.22223199603679727,59700.9112105997,10752952.932606222
2022-11-20,0.21883104665954597,10588.735326195316,10578523.201187517
2022-11-21,0.19032983674376366,17849.300771561873,9206567.608119205
2022-11-22,0.18201241678270974,7653.570147506869,8806242.99158822
2022-11-23,0.19452420152106326,19284.987092342155,9396148.507899474
2022-11-24,0.19731915714651627,11867.907891568306,9481456.511882992
2022-11-25,0.19667257522392464,4418.289980751185,9494321.591342196
2022-11-26,0.198799478546849,10033.100154125414,9597570.545760935
2022-11-27,0.2127752509254628,27014.10617263552,10297102.39790508
2022-11-28,0.23107507111350006,25995.548548315575,11188475.737282636
2022-11-29,0.21909618237540618,15119.724852749634,10608888.283774354
2022-11-30,0.23451433923175255,52083.89887138176,11352819.150104586
2022-12-01,0.2639766340151873,41041.08378512716,12716729.73581118
2022-12-02,0.27229307091310967,51515.8061915369,13148873.824433854
2022-12-03,0.2789948585532448,44232.60709253214,13494722.840958128
2022-12-04,0.257654300022422,29026.322498384503,12458091.643493153
2022-12-05,0.26810105093159586,22045.448613540237,12961921.4311457
2022-12-06,0.2660502118415373,21354.095358740782,12861620.127663214
2022-12-07,0.27024044629469995,10296.455129484217,13061969.881778298
2022-12-08,0.28188011250812706,29382.346831380106,13452781.530245949
2022-12-09,0.2564827145466218,50552.79017186364,12668382.877772706
2022-12-10,0.25596330516101645,36662.491981033214,12435820.719787013
2022-12-11,0.2541100236262812,36161.96156982514,12299381.43188319
2022-12-12,0.25283723521689877,18430.404570800656,12240554.560909966
2022-12-13,0.2416368251935619,44572.64563713305,11661655.973836198
2022-12-14,0.24599252027228763,4205.457964015654,11909817.413088443
2022-12-15,0.2443326038637382,6093.394161572573,11892573.658631474
2022-12-16,0.2332010723665438,14294.000674640029,11307059.373264693
2022-12-17,0.21000499622083835,42465.97414747717,10200145.002602082
2022-12-18,0.20799446342569541,23449.127001598023,10068676.928220596
2022-12-19,0.21504799152212475,12068.659348230929,10414276.55540269
2022-12-20,0.18824399003893494,24300.763286661666,9111527.48422316
2022-12-21,0.19698359233835042,9918.458378967196,9535497.205551572
2022-12-22,0.17365728609801642,18166.931456352784,8410359.44658912
2022-12-23,0.18017623188277626,5655.675968338685,8719500.727914555
2022-12-24,0.16388966479121989,32372.9556498685,7929703.286395338
2022-12-25,0.16810849661106309,1509.8674090769784,8138463.291723316
2022-12-26,0.16847428063252687,713.2446617556088,8161550.900209856
2022-12-27,0.16891440001060645,1466.1892975669643,8175165.149461293
2022-12-28,0.16867910225057867,870.7979085112621,8156977.868324965
2022-12-29,0.1564973930533331,7432.013986351637,7573063.791690571
2022-12-30,0.13994913603380313,22667.837105936283,6772747.727793384
